,视频标题,播放数
0,小朋友：教练我长得让你恶心吗。             教练：我来大姨夫了,3898591
1,玩滑板的和玩篮球的都沉默了,1187308
2,我 愿 尊 称 他“3 分 王”！！！,976264
3,当女生第一次走进力量区,1064898
4,阿曼荒岛生存第八集，利用废弃铁钩经过打磨收获一条七八斤大墨鱼，秦爱德自制的潜水面罩终于靠谱了一回，独自前往更深的海域帅不过三秒一头扎到石头上#户外#荒岛生存,1041977
5,帅过头了，迷失了自我,1843574
6,“极地大乱斗-勇士森林狼”,510769
7,妖孽我要你助我修行,720687
8,又能体验nba的扣篮又不伤膝盖我都不敢想象这有多爽[色],1136160
9,幼儿园小女孩800米跑出3分11秒！,3796611
10,饮食-三大营养素种类选择,280143
11,犟种的练刀方式,683452
12,你该不该断食!？200万粉健身博主闫帅奇靠谱吗？运动学博士生的深度解析,313390
13,大学生体测现状,452581
14,这个拐弯是什么水平,1011887
15,英超千古名局！蓝军曼城8球互爆！哈兰德双响，斯特林帕尔默齐弑旧主,459755
16,健身房新技巧 重量拉满,1106666
17,帕梅拉 - 12分钟 超燃卡路里 快乐扭扭操,117200
18,体测现场，装逼时刻,426627
19,不过些许风霜罢了,294914
20,南昌马拉松，草根跑者李波，国内第一名，361代言人，李波脚穿361飞飚，成功逆袭。大幅度PB，成绩2小时11分23秒，达标国际健将，#马拉松 #南昌马拉松,662154
21,疯狂提速抢攻逆转骆建佑！桃田贤斗不可思议的三局提速战术执行！2023年日本大师赛,132767
22,等他老了，就知道腿疼了,250807
23,地上足球：球盲过滤器？曼城被绝平是因为没有首发格拉利什！,269884
24,这才是精神氮泵！,391420
25,#跳高 记录？ 干就完了 #校运会,3488514
26,校运会无敌发令枪！,1430302
27,这一天减脂减的！我都是过的什么苦日子啊？哈哈哈🤤🤤（最后老师的纯享版腹肌钢管舞真的绝了！！）,193580
28,男朋友：当初怎么拿下你的！,283180
29,分析太满，竟然有点找不到北……,204324
30,第四名 秦雨晴  2023世界自由式轮滑锦标赛 花式对抗成年女子组,228059
31,《天 才 停 球》,308119
32,原来路口出现的玩具熊有可能帮着冷白皮的肌肉帅哥,507943
33,早知道不跟你比腿，应该比腰力才对,284970
34,兄弟们，来挑战一下,228212
35,小小泰马 拿捏拿捏#泰安马拉松 #马拉松 #小王语录,509848
36,小罗：我年轻时他们根本碰不到球！,248179
37,重返校园！爷青回！,299496
38,为什么自由潜呼吸管是短的？,1651821
39,帅小伙带粉丝强磁打捞居然捞到鬼子牌“野鸡脖子”！,1326536
40,带我朋友10公里突破36分，PB了。跑步的魅力在于，只要你相信自己，付出足够汗水和努力，一切皆有可能。#跑步 #马拉松#传递奔跑的力量,146258
41,三球：论装X我从来没有服过谁！#拉梅洛鲍尔 #篮球,224559
42,五连败！谁在破坏大环境？哈登和快船到底该怎么办？,215610
43,“如此英超，怎能不爱”（5）,248682
44,“谁说打拳一定要手抬高？”——奥运拳击手带你近距离了解「滑肩式防守」！！,77746
45,完美的停球,198622
46,5步教你做完美卧推！效果好！不受伤！,228752
47,单挑家乡大学最强球手，我感受到了不一样的热情…,198127
48,肌肉不会长在弱者身上3，被嘲笑不可怕，可怕的是逐渐习惯,184915
49,顶级橄榄球球星的一天到底有多自律！,200380
50,凯哭了,186371
51,足球爱好者街头角色扮演,210421
52,流量？网红？冠军？其实都没有，曼联球迷爆哭巨作！,144561
53,“双刀他转起来了！”,345030
54,佟瑞宸 五毒丨舞出花滑中国风丨 2023花滑中国杯 表演滑,256231
55,“男生减速带”,580271
56,这个身高最难扣篮,327897
57,新赛季火箭队崛起之谜？新任主帅乌杜卡给火箭施了什么魔法？申京现在有多强？,168188
58,膨胀的鱼 够100人吃,1639617
59,心理对峙的防卫策略,229334
60,"在门线前飞铲门将真不道德，普约尔才是真正的足球精神 ""足球",253137
61,也就不到4米，把小孩吓到了,311601
62,职业拳手暴打记者！论作死，谁也比不过他们,262768
63,文体全面发展、这位同学才是我们学习的榜样！,150331
64,李波，草根跑者达标国际健将，但30万奖金错过了,185646
65,大爷咱们是去存钱的，不勇戴上面具。。。,194210
66,球瘾犯了，出门约会前来两拍。,259555
67,还好有监控，这至少要吹上一整年,190729
68,赛亚人是自然的吗？,846071
69,健身气功八段锦完整版-带呼吸法口令版,22609290
70,拒绝体重焦虑！艾特抱不动你的男生来看！,330267
71,“女人，你在跟我比什么？” #搞笑,238501
72,探索处理渔获的100种方式。第24种，渔获换烤脑花。,530909
73,帅气十足！大三男生足球比赛中倒挂金钩破门得分,142028
74,小伙子不出生在弗罗里达是弗洛里达的损失,216031
75,博尔特的成功并不是偶然，拼尽全力才能让自己更加幸运,244649
76,大唐第一深情,150706
77,围棋究竟有多抽象？大学生：我还没用力呢就，学会了？,256185
78,感觉触发了拦路连招～,1668337
79,田纳西伐木工大赛,216671
80,姆巴佩比赛前为感到寒冷的小女孩穿上外套 他真的很喜欢小朋友们,200068
81,害人之心不可有,469792
82,平板卧推这样握呢！,93250
83,为什么总会有人”抓住枪管“射击？,151776
84,防他真的太练滑步了啊！,145488
85,美食博主开始健身了。,179800
86,干货｜心肺耐力提升训练底层原理详解，附4周针对性提升计划！,167883
87,球场双子星，挨打挨的轻,161411
88,《CBA》滑稽名场面,209819
89,如果施主听不懂圆月杆法……,5643844
90,一次过于抽象的进球,267678
91,听说用15这样练更高效？,164614
92,哈兰德笑谈 不可描述的进球！！,202695
93,红虫千万不能用！危害大污染水资源，容易得红虫病容易感染伤口！,208007
94,最好的练腹动作VS最差的练腹动作——看完练腹不踩坑，效率蹭蹭涨！,161979
95,【徐静雨】不拘泥于荣誉，我心中的NBA历史前十怎么排？,128214
96,11个梅西 VS 11个韦世豪,167286
97,把这个视频转给你想买通勤自行车的朋友,90339
98,神鞋回归！Hyperdunk 2017 低帮 开箱+初体验,125379
99,狗狗接力赛也很燃啊,181824
