,标签
0,"Java,Kotlin,Android 开发,扔物线"
1,"世界,机械,科普,美国,天然,黑科技,世界上,比特币,最大,1024·2023活动征稿,1024打卡挑战"
2,"难题,电脑技巧,前台"
3,"人工智能,AI人工智能,GPT,应用领域,GPT4.0,1024·2023活动征稿,1024打卡挑战"
4,"人工智能,iPhone,OpenAI,GPT"
5,"考试,题库,网络工程师,华为认证,HCIE,H3CNE,H3CSE,HCIA,HCIP,网络技术学习"
6,"发布会,科技,人工智能,AI,开发者,开发者大会,OpenAI,GPT,生成式AI,ChatGPT"
7,"搞笑,计算机,学习,天才,编程,大学生"
8,"科技改变生活,人工智能,马斯克,OpenAI,大数据推给需要的人,ChatGPT,玩儿个很新的东西,这就是AIGC,AIGC一步之遥,寻找游戏大模王,Grok"
9,"电脑,计算机,学习,编程,大学生,学生,Java,计算机专业"
10,"现在,高科技,黑科技,人工智能,人工,不用,摄影玩家养成计划"
11,"黑客,网站,网络安全"
12,"视频,工具,人工智能,AI,Taylor Swift,AI视频,视频翻译,openai,chatgpt"
13,"开源,CV,科技,程序员,IT,编程,程序,代码,开源代码,CV代码"
14,"麦当劳,日本,手机,智能手机,智能家居,科技与生活,必剪创作"
15,网线
16,"艺术,中国人,饮食文化,格局"
17,"生活,真实,助学金,天津中德应用技术大学,僧丫"
18,"学习,大学生,研究生,科研,学术,论文,深度学习,文献,Vlog,1024·2023活动征稿,1024打卡挑战"
19,"导师,研究生,考研,知网"
20,"Java,Kotlin,Android 开发,扔物线"
21,"世界,机械,科普,美国,天然,黑科技,世界上,比特币,最大,1024·2023活动征稿,1024打卡挑战"
22,"难题,电脑技巧,前台"
23,"人工智能,AI人工智能,GPT,应用领域,GPT4.0,1024·2023活动征稿,1024打卡挑战"
24,"人工智能,iPhone,OpenAI,GPT"
25,"考试,题库,网络工程师,华为认证,HCIE,H3CNE,H3CSE,HCIA,HCIP,网络技术学习"
26,"发布会,科技,人工智能,AI,开发者,开发者大会,OpenAI,GPT,生成式AI,ChatGPT"
27,"搞笑,计算机,学习,天才,编程,大学生"
28,"科技改变生活,人工智能,马斯克,OpenAI,大数据推给需要的人,ChatGPT,玩儿个很新的东西,这就是AIGC,AIGC一步之遥,寻找游戏大模王,Grok"
29,"电脑,计算机,学习,编程,大学生,学生,Java,计算机专业"
30,"现在,高科技,黑科技,人工智能,人工,不用,摄影玩家养成计划"
31,"黑客,网站,网络安全"
32,"视频,工具,人工智能,AI,Taylor Swift,AI视频,视频翻译,openai,chatgpt"
33,"开源,CV,科技,程序员,IT,编程,程序,代码,开源代码,CV代码"
34,"麦当劳,日本,手机,智能手机,智能家居,科技与生活,必剪创作"
35,网线
36,"艺术,中国人,饮食文化,格局"
37,"生活,真实,助学金,天津中德应用技术大学,僧丫"
38,"学习,大学生,研究生,科研,学术,论文,深度学习,文献,Vlog,1024·2023活动征稿,1024打卡挑战"
39,"导师,研究生,考研,知网"
40,"Java,Kotlin,Android 开发,扔物线"
41,"世界,机械,科普,美国,天然,黑科技,世界上,比特币,最大,1024·2023活动征稿,1024打卡挑战"
42,"难题,电脑技巧,前台"
43,"人工智能,AI人工智能,GPT,应用领域,GPT4.0,1024·2023活动征稿,1024打卡挑战"
44,"人工智能,iPhone,OpenAI,GPT"
45,"考试,题库,网络工程师,华为认证,HCIE,H3CNE,H3CSE,HCIA,HCIP,网络技术学习"
46,"发布会,科技,人工智能,AI,开发者,开发者大会,OpenAI,GPT,生成式AI,ChatGPT"
47,"搞笑,计算机,学习,天才,编程,大学生"
48,"科技改变生活,人工智能,马斯克,OpenAI,大数据推给需要的人,ChatGPT,玩儿个很新的东西,这就是AIGC,AIGC一步之遥,寻找游戏大模王,Grok"
49,"电脑,计算机,学习,编程,大学生,学生,Java,计算机专业"
50,"现在,高科技,黑科技,人工智能,人工,不用,摄影玩家养成计划"
51,"黑客,网站,网络安全"
52,"视频,工具,人工智能,AI,Taylor Swift,AI视频,视频翻译,openai,chatgpt"
53,"开源,CV,科技,程序员,IT,编程,程序,代码,开源代码,CV代码"
54,"麦当劳,日本,手机,智能手机,智能家居,科技与生活,必剪创作"
55,网线
56,"艺术,中国人,饮食文化,格局"
57,"生活,真实,助学金,天津中德应用技术大学,僧丫"
58,"学习,大学生,研究生,科研,学术,论文,深度学习,文献,Vlog,1024·2023活动征稿,1024打卡挑战"
59,"导师,研究生,考研,知网"
60,"Java,Kotlin,Android 开发,扔物线"
61,"世界,机械,科普,美国,天然,黑科技,世界上,比特币,最大,1024·2023活动征稿,1024打卡挑战"
62,"难题,电脑技巧,前台"
63,"人工智能,AI人工智能,GPT,应用领域,GPT4.0,1024·2023活动征稿,1024打卡挑战"
64,"人工智能,iPhone,OpenAI,GPT"
65,"考试,题库,网络工程师,华为认证,HCIE,H3CNE,H3CSE,HCIA,HCIP,网络技术学习"
66,"发布会,科技,人工智能,AI,开发者,开发者大会,OpenAI,GPT,生成式AI,ChatGPT"
67,"搞笑,计算机,学习,天才,编程,大学生"
68,"科技改变生活,人工智能,马斯克,OpenAI,大数据推给需要的人,ChatGPT,玩儿个很新的东西,这就是AIGC,AIGC一步之遥,寻找游戏大模王,Grok"
69,"电脑,计算机,学习,编程,大学生,学生,Java,计算机专业"
70,"现在,高科技,黑科技,人工智能,人工,不用,摄影玩家养成计划"
71,"黑客,网站,网络安全"
72,"视频,工具,人工智能,AI,Taylor Swift,AI视频,视频翻译,openai,chatgpt"
73,"开源,CV,科技,程序员,IT,编程,程序,代码,开源代码,CV代码"
74,"麦当劳,日本,手机,智能手机,智能家居,科技与生活,必剪创作"
75,网线
76,"艺术,中国人,饮食文化,格局"
77,"生活,真实,助学金,天津中德应用技术大学,僧丫"
78,"学习,大学生,研究生,科研,学术,论文,深度学习,文献,Vlog,1024·2023活动征稿,1024打卡挑战"
79,"导师,研究生,考研,知网"
80,"Java,Kotlin,Android 开发,扔物线"
81,"世界,机械,科普,美国,天然,黑科技,世界上,比特币,最大,1024·2023活动征稿,1024打卡挑战"
82,"难题,电脑技巧,前台"
83,"人工智能,AI人工智能,GPT,应用领域,GPT4.0,1024·2023活动征稿,1024打卡挑战"
84,"人工智能,iPhone,OpenAI,GPT"
85,"考试,题库,网络工程师,华为认证,HCIE,H3CNE,H3CSE,HCIA,HCIP,网络技术学习"
86,"发布会,科技,人工智能,AI,开发者,开发者大会,OpenAI,GPT,生成式AI,ChatGPT"
87,"搞笑,计算机,学习,天才,编程,大学生"
88,"科技改变生活,人工智能,马斯克,OpenAI,大数据推给需要的人,ChatGPT,玩儿个很新的东西,这就是AIGC,AIGC一步之遥,寻找游戏大模王,Grok"
89,"电脑,计算机,学习,编程,大学生,学生,Java,计算机专业"
90,"现在,高科技,黑科技,人工智能,人工,不用,摄影玩家养成计划"
91,"黑客,网站,网络安全"
92,"视频,工具,人工智能,AI,Taylor Swift,AI视频,视频翻译,openai,chatgpt"
93,"开源,CV,科技,程序员,IT,编程,程序,代码,开源代码,CV代码"
94,"麦当劳,日本,手机,智能手机,智能家居,科技与生活,必剪创作"
95,网线
96,"艺术,中国人,饮食文化,格局"
97,"生活,真实,助学金,天津中德应用技术大学,僧丫"
98,"学习,大学生,研究生,科研,学术,论文,深度学习,文献,Vlog,1024·2023活动征稿,1024打卡挑战"
99,"导师,研究生,考研,知网"
100,"Java,Kotlin,Android 开发,扔物线"
101,"世界,机械,科普,美国,天然,黑科技,世界上,比特币,最大,1024·2023活动征稿,1024打卡挑战"
102,"难题,电脑技巧,前台"
103,"人工智能,AI人工智能,GPT,应用领域,GPT4.0,1024·2023活动征稿,1024打卡挑战"
104,"人工智能,iPhone,OpenAI,GPT"
105,"考试,题库,网络工程师,华为认证,HCIE,H3CNE,H3CSE,HCIA,HCIP,网络技术学习"
106,"发布会,科技,人工智能,AI,开发者,开发者大会,OpenAI,GPT,生成式AI,ChatGPT"
107,"搞笑,计算机,学习,天才,编程,大学生"
108,"科技改变生活,人工智能,马斯克,OpenAI,大数据推给需要的人,ChatGPT,玩儿个很新的东西,这就是AIGC,AIGC一步之遥,寻找游戏大模王,Grok"
109,"电脑,计算机,学习,编程,大学生,学生,Java,计算机专业"
110,"现在,高科技,黑科技,人工智能,人工,不用,摄影玩家养成计划"
111,"黑客,网站,网络安全"
112,"视频,工具,人工智能,AI,Taylor Swift,AI视频,视频翻译,openai,chatgpt"
113,"开源,CV,科技,程序员,IT,编程,程序,代码,开源代码,CV代码"
114,"麦当劳,日本,手机,智能手机,智能家居,科技与生活,必剪创作"
115,网线
116,"艺术,中国人,饮食文化,格局"
117,"生活,真实,助学金,天津中德应用技术大学,僧丫"
118,"学习,大学生,研究生,科研,学术,论文,深度学习,文献,Vlog,1024·2023活动征稿,1024打卡挑战"
119,"导师,研究生,考研,知网"
120,"Java,Kotlin,Android 开发,扔物线"
121,"世界,机械,科普,美国,天然,黑科技,世界上,比特币,最大,1024·2023活动征稿,1024打卡挑战"
122,"难题,电脑技巧,前台"
123,"人工智能,AI人工智能,GPT,应用领域,GPT4.0,1024·2023活动征稿,1024打卡挑战"
124,"人工智能,iPhone,OpenAI,GPT"
125,"考试,题库,网络工程师,华为认证,HCIE,H3CNE,H3CSE,HCIA,HCIP,网络技术学习"
126,"发布会,科技,人工智能,AI,开发者,开发者大会,OpenAI,GPT,生成式AI,ChatGPT"
127,"搞笑,计算机,学习,天才,编程,大学生"
128,"科技改变生活,人工智能,马斯克,OpenAI,大数据推给需要的人,ChatGPT,玩儿个很新的东西,这就是AIGC,AIGC一步之遥,寻找游戏大模王,Grok"
129,"电脑,计算机,学习,编程,大学生,学生,Java,计算机专业"
130,"现在,高科技,黑科技,人工智能,人工,不用,摄影玩家养成计划"
131,"黑客,网站,网络安全"
132,"视频,工具,人工智能,AI,Taylor Swift,AI视频,视频翻译,openai,chatgpt"
133,"开源,CV,科技,程序员,IT,编程,程序,代码,开源代码,CV代码"
134,"麦当劳,日本,手机,智能手机,智能家居,科技与生活,必剪创作"
135,网线
136,"艺术,中国人,饮食文化,格局"
137,"生活,真实,助学金,天津中德应用技术大学,僧丫"
138,"学习,大学生,研究生,科研,学术,论文,深度学习,文献,Vlog,1024·2023活动征稿,1024打卡挑战"
139,"导师,研究生,考研,知网"
140,"Java,Kotlin,Android 开发,扔物线"
141,"世界,机械,科普,美国,天然,黑科技,世界上,比特币,最大,1024·2023活动征稿,1024打卡挑战"
142,"难题,电脑技巧,前台"
143,"人工智能,AI人工智能,GPT,应用领域,GPT4.0,1024·2023活动征稿,1024打卡挑战"
144,"人工智能,iPhone,OpenAI,GPT"
145,"考试,题库,网络工程师,华为认证,HCIE,H3CNE,H3CSE,HCIA,HCIP,网络技术学习"
146,"发布会,科技,人工智能,AI,开发者,开发者大会,OpenAI,GPT,生成式AI,ChatGPT"
147,"搞笑,计算机,学习,天才,编程,大学生"
148,"科技改变生活,人工智能,马斯克,OpenAI,大数据推给需要的人,ChatGPT,玩儿个很新的东西,这就是AIGC,AIGC一步之遥,寻找游戏大模王,Grok"
149,"电脑,计算机,学习,编程,大学生,学生,Java,计算机专业"
150,"现在,高科技,黑科技,人工智能,人工,不用,摄影玩家养成计划"
151,"黑客,网站,网络安全"
152,"视频,工具,人工智能,AI,Taylor Swift,AI视频,视频翻译,openai,chatgpt"
153,"开源,CV,科技,程序员,IT,编程,程序,代码,开源代码,CV代码"
154,"麦当劳,日本,手机,智能手机,智能家居,科技与生活,必剪创作"
155,网线
156,"艺术,中国人,饮食文化,格局"
157,"生活,真实,助学金,天津中德应用技术大学,僧丫"
158,"学习,大学生,研究生,科研,学术,论文,深度学习,文献,Vlog,1024·2023活动征稿,1024打卡挑战"
159,"导师,研究生,考研,知网"
160,"Java,Kotlin,Android 开发,扔物线"
161,"世界,机械,科普,美国,天然,黑科技,世界上,比特币,最大,1024·2023活动征稿,1024打卡挑战"
162,"难题,电脑技巧,前台"
163,"人工智能,AI人工智能,GPT,应用领域,GPT4.0,1024·2023活动征稿,1024打卡挑战"
164,"人工智能,iPhone,OpenAI,GPT"
165,"考试,题库,网络工程师,华为认证,HCIE,H3CNE,H3CSE,HCIA,HCIP,网络技术学习"
166,"发布会,科技,人工智能,AI,开发者,开发者大会,OpenAI,GPT,生成式AI,ChatGPT"
167,"搞笑,计算机,学习,天才,编程,大学生"
168,"科技改变生活,人工智能,马斯克,OpenAI,大数据推给需要的人,ChatGPT,玩儿个很新的东西,这就是AIGC,AIGC一步之遥,寻找游戏大模王,Grok"
169,"电脑,计算机,学习,编程,大学生,学生,Java,计算机专业"
170,"现在,高科技,黑科技,人工智能,人工,不用,摄影玩家养成计划"
171,"黑客,网站,网络安全"
172,"视频,工具,人工智能,AI,Taylor Swift,AI视频,视频翻译,openai,chatgpt"
173,"开源,CV,科技,程序员,IT,编程,程序,代码,开源代码,CV代码"
174,"麦当劳,日本,手机,智能手机,智能家居,科技与生活,必剪创作"
175,网线
176,"艺术,中国人,饮食文化,格局"
177,"生活,真实,助学金,天津中德应用技术大学,僧丫"
178,"学习,大学生,研究生,科研,学术,论文,深度学习,文献,Vlog,1024·2023活动征稿,1024打卡挑战"
179,"导师,研究生,考研,知网"
180,"Java,Kotlin,Android 开发,扔物线"
181,"世界,机械,科普,美国,天然,黑科技,世界上,比特币,最大,1024·2023活动征稿,1024打卡挑战"
182,"难题,电脑技巧,前台"
183,"人工智能,AI人工智能,GPT,应用领域,GPT4.0,1024·2023活动征稿,1024打卡挑战"
184,"人工智能,iPhone,OpenAI,GPT"
185,"考试,题库,网络工程师,华为认证,HCIE,H3CNE,H3CSE,HCIA,HCIP,网络技术学习"
186,"发布会,科技,人工智能,AI,开发者,开发者大会,OpenAI,GPT,生成式AI,ChatGPT"
187,"搞笑,计算机,学习,天才,编程,大学生"
188,"科技改变生活,人工智能,马斯克,OpenAI,大数据推给需要的人,ChatGPT,玩儿个很新的东西,这就是AIGC,AIGC一步之遥,寻找游戏大模王,Grok"
189,"电脑,计算机,学习,编程,大学生,学生,Java,计算机专业"
190,"现在,高科技,黑科技,人工智能,人工,不用,摄影玩家养成计划"
191,"黑客,网站,网络安全"
192,"视频,工具,人工智能,AI,Taylor Swift,AI视频,视频翻译,openai,chatgpt"
193,"开源,CV,科技,程序员,IT,编程,程序,代码,开源代码,CV代码"
194,"麦当劳,日本,手机,智能手机,智能家居,科技与生活,必剪创作"
195,网线
196,"艺术,中国人,饮食文化,格局"
197,"生活,真实,助学金,天津中德应用技术大学,僧丫"
198,"学习,大学生,研究生,科研,学术,论文,深度学习,文献,Vlog,1024·2023活动征稿,1024打卡挑战"
199,"导师,研究生,考研,知网"
200,"Java,Kotlin,Android 开发,扔物线"
201,"世界,机械,科普,美国,天然,黑科技,世界上,比特币,最大,1024·2023活动征稿,1024打卡挑战"
202,"难题,电脑技巧,前台"
203,"人工智能,AI人工智能,GPT,应用领域,GPT4.0,1024·2023活动征稿,1024打卡挑战"
204,"人工智能,iPhone,OpenAI,GPT"
205,"考试,题库,网络工程师,华为认证,HCIE,H3CNE,H3CSE,HCIA,HCIP,网络技术学习"
206,"发布会,科技,人工智能,AI,开发者,开发者大会,OpenAI,GPT,生成式AI,ChatGPT"
207,"搞笑,计算机,学习,天才,编程,大学生"
208,"科技改变生活,人工智能,马斯克,OpenAI,大数据推给需要的人,ChatGPT,玩儿个很新的东西,这就是AIGC,AIGC一步之遥,寻找游戏大模王,Grok"
209,"电脑,计算机,学习,编程,大学生,学生,Java,计算机专业"
210,"现在,高科技,黑科技,人工智能,人工,不用,摄影玩家养成计划"
211,"黑客,网站,网络安全"
212,"视频,工具,人工智能,AI,Taylor Swift,AI视频,视频翻译,openai,chatgpt"
213,"开源,CV,科技,程序员,IT,编程,程序,代码,开源代码,CV代码"
214,"麦当劳,日本,手机,智能手机,智能家居,科技与生活,必剪创作"
215,网线
216,"艺术,中国人,饮食文化,格局"
217,"生活,真实,助学金,天津中德应用技术大学,僧丫"
218,"学习,大学生,研究生,科研,学术,论文,深度学习,文献,Vlog,1024·2023活动征稿,1024打卡挑战"
219,"导师,研究生,考研,知网"
220,"Java,Kotlin,Android 开发,扔物线"
221,"世界,机械,科普,美国,天然,黑科技,世界上,比特币,最大,1024·2023活动征稿,1024打卡挑战"
222,"难题,电脑技巧,前台"
223,"人工智能,AI人工智能,GPT,应用领域,GPT4.0,1024·2023活动征稿,1024打卡挑战"
224,"人工智能,iPhone,OpenAI,GPT"
225,"考试,题库,网络工程师,华为认证,HCIE,H3CNE,H3CSE,HCIA,HCIP,网络技术学习"
226,"发布会,科技,人工智能,AI,开发者,开发者大会,OpenAI,GPT,生成式AI,ChatGPT"
227,"搞笑,计算机,学习,天才,编程,大学生"
228,"科技改变生活,人工智能,马斯克,OpenAI,大数据推给需要的人,ChatGPT,玩儿个很新的东西,这就是AIGC,AIGC一步之遥,寻找游戏大模王,Grok"
229,"电脑,计算机,学习,编程,大学生,学生,Java,计算机专业"
230,"现在,高科技,黑科技,人工智能,人工,不用,摄影玩家养成计划"
231,"黑客,网站,网络安全"
232,"视频,工具,人工智能,AI,Taylor Swift,AI视频,视频翻译,openai,chatgpt"
233,"开源,CV,科技,程序员,IT,编程,程序,代码,开源代码,CV代码"
234,"麦当劳,日本,手机,智能手机,智能家居,科技与生活,必剪创作"
235,网线
236,"艺术,中国人,饮食文化,格局"
237,"生活,真实,助学金,天津中德应用技术大学,僧丫"
238,"学习,大学生,研究生,科研,学术,论文,深度学习,文献,Vlog,1024·2023活动征稿,1024打卡挑战"
239,"导师,研究生,考研,知网"
240,"Java,Kotlin,Android 开发,扔物线"
241,"世界,机械,科普,美国,天然,黑科技,世界上,比特币,最大,1024·2023活动征稿,1024打卡挑战"
242,"难题,电脑技巧,前台"
243,"人工智能,AI人工智能,GPT,应用领域,GPT4.0,1024·2023活动征稿,1024打卡挑战"
244,"人工智能,iPhone,OpenAI,GPT"
245,"考试,题库,网络工程师,华为认证,HCIE,H3CNE,H3CSE,HCIA,HCIP,网络技术学习"
246,"发布会,科技,人工智能,AI,开发者,开发者大会,OpenAI,GPT,生成式AI,ChatGPT"
247,"搞笑,计算机,学习,天才,编程,大学生"
248,"科技改变生活,人工智能,马斯克,OpenAI,大数据推给需要的人,ChatGPT,玩儿个很新的东西,这就是AIGC,AIGC一步之遥,寻找游戏大模王,Grok"
249,"电脑,计算机,学习,编程,大学生,学生,Java,计算机专业"
250,"现在,高科技,黑科技,人工智能,人工,不用,摄影玩家养成计划"
251,"黑客,网站,网络安全"
252,"视频,工具,人工智能,AI,Taylor Swift,AI视频,视频翻译,openai,chatgpt"
253,"开源,CV,科技,程序员,IT,编程,程序,代码,开源代码,CV代码"
254,"麦当劳,日本,手机,智能手机,智能家居,科技与生活,必剪创作"
255,网线
256,"艺术,中国人,饮食文化,格局"
257,"生活,真实,助学金,天津中德应用技术大学,僧丫"
258,"学习,大学生,研究生,科研,学术,论文,深度学习,文献,Vlog,1024·2023活动征稿,1024打卡挑战"
259,"导师,研究生,考研,知网"
260,"Java,Kotlin,Android 开发,扔物线"
261,"世界,机械,科普,美国,天然,黑科技,世界上,比特币,最大,1024·2023活动征稿,1024打卡挑战"
262,"难题,电脑技巧,前台"
263,"人工智能,AI人工智能,GPT,应用领域,GPT4.0,1024·2023活动征稿,1024打卡挑战"
264,"人工智能,iPhone,OpenAI,GPT"
265,"考试,题库,网络工程师,华为认证,HCIE,H3CNE,H3CSE,HCIA,HCIP,网络技术学习"
266,"发布会,科技,人工智能,AI,开发者,开发者大会,OpenAI,GPT,生成式AI,ChatGPT"
267,"搞笑,计算机,学习,天才,编程,大学生"
268,"科技改变生活,人工智能,马斯克,OpenAI,大数据推给需要的人,ChatGPT,玩儿个很新的东西,这就是AIGC,AIGC一步之遥,寻找游戏大模王,Grok"
269,"电脑,计算机,学习,编程,大学生,学生,Java,计算机专业"
270,"现在,高科技,黑科技,人工智能,人工,不用,摄影玩家养成计划"
271,"黑客,网站,网络安全"
272,"视频,工具,人工智能,AI,Taylor Swift,AI视频,视频翻译,openai,chatgpt"
273,"开源,CV,科技,程序员,IT,编程,程序,代码,开源代码,CV代码"
274,"麦当劳,日本,手机,智能手机,智能家居,科技与生活,必剪创作"
275,网线
276,"艺术,中国人,饮食文化,格局"
277,"生活,真实,助学金,天津中德应用技术大学,僧丫"
278,"学习,大学生,研究生,科研,学术,论文,深度学习,文献,Vlog,1024·2023活动征稿,1024打卡挑战"
279,"导师,研究生,考研,知网"
280,"Java,Kotlin,Android 开发,扔物线"
281,"世界,机械,科普,美国,天然,黑科技,世界上,比特币,最大,1024·2023活动征稿,1024打卡挑战"
282,"难题,电脑技巧,前台"
283,"人工智能,AI人工智能,GPT,应用领域,GPT4.0,1024·2023活动征稿,1024打卡挑战"
284,"人工智能,iPhone,OpenAI,GPT"
285,"考试,题库,网络工程师,华为认证,HCIE,H3CNE,H3CSE,HCIA,HCIP,网络技术学习"
286,"发布会,科技,人工智能,AI,开发者,开发者大会,OpenAI,GPT,生成式AI,ChatGPT"
287,"搞笑,计算机,学习,天才,编程,大学生"
288,"科技改变生活,人工智能,马斯克,OpenAI,大数据推给需要的人,ChatGPT,玩儿个很新的东西,这就是AIGC,AIGC一步之遥,寻找游戏大模王,Grok"
289,"电脑,计算机,学习,编程,大学生,学生,Java,计算机专业"
290,"现在,高科技,黑科技,人工智能,人工,不用,摄影玩家养成计划"
291,"黑客,网站,网络安全"
292,"视频,工具,人工智能,AI,Taylor Swift,AI视频,视频翻译,openai,chatgpt"
293,"开源,CV,科技,程序员,IT,编程,程序,代码,开源代码,CV代码"
294,"麦当劳,日本,手机,智能手机,智能家居,科技与生活,必剪创作"
295,网线
296,"艺术,中国人,饮食文化,格局"
297,"生活,真实,助学金,天津中德应用技术大学,僧丫"
298,"学习,大学生,研究生,科研,学术,论文,深度学习,文献,Vlog,1024·2023活动征稿,1024打卡挑战"
299,"导师,研究生,考研,知网"
300,"Java,Kotlin,Android 开发,扔物线"
301,"世界,机械,科普,美国,天然,黑科技,世界上,比特币,最大,1024·2023活动征稿,1024打卡挑战"
302,"难题,电脑技巧,前台"
303,"人工智能,AI人工智能,GPT,应用领域,GPT4.0,1024·2023活动征稿,1024打卡挑战"
304,"人工智能,iPhone,OpenAI,GPT"
305,"考试,题库,网络工程师,华为认证,HCIE,H3CNE,H3CSE,HCIA,HCIP,网络技术学习"
306,"发布会,科技,人工智能,AI,开发者,开发者大会,OpenAI,GPT,生成式AI,ChatGPT"
307,"搞笑,计算机,学习,天才,编程,大学生"
308,"科技改变生活,人工智能,马斯克,OpenAI,大数据推给需要的人,ChatGPT,玩儿个很新的东西,这就是AIGC,AIGC一步之遥,寻找游戏大模王,Grok"
309,"电脑,计算机,学习,编程,大学生,学生,Java,计算机专业"
310,"现在,高科技,黑科技,人工智能,人工,不用,摄影玩家养成计划"
311,"黑客,网站,网络安全"
312,"视频,工具,人工智能,AI,Taylor Swift,AI视频,视频翻译,openai,chatgpt"
313,"开源,CV,科技,程序员,IT,编程,程序,代码,开源代码,CV代码"
314,"麦当劳,日本,手机,智能手机,智能家居,科技与生活,必剪创作"
315,网线
316,"艺术,中国人,饮食文化,格局"
317,"生活,真实,助学金,天津中德应用技术大学,僧丫"
318,"学习,大学生,研究生,科研,学术,论文,深度学习,文献,Vlog,1024·2023活动征稿,1024打卡挑战"
319,"导师,研究生,考研,知网"
320,"Java,Kotlin,Android 开发,扔物线"
321,"世界,机械,科普,美国,天然,黑科技,世界上,比特币,最大,1024·2023活动征稿,1024打卡挑战"
322,"难题,电脑技巧,前台"
323,"人工智能,AI人工智能,GPT,应用领域,GPT4.0,1024·2023活动征稿,1024打卡挑战"
324,"人工智能,iPhone,OpenAI,GPT"
325,"考试,题库,网络工程师,华为认证,HCIE,H3CNE,H3CSE,HCIA,HCIP,网络技术学习"
326,"发布会,科技,人工智能,AI,开发者,开发者大会,OpenAI,GPT,生成式AI,ChatGPT"
327,"搞笑,计算机,学习,天才,编程,大学生"
328,"科技改变生活,人工智能,马斯克,OpenAI,大数据推给需要的人,ChatGPT,玩儿个很新的东西,这就是AIGC,AIGC一步之遥,寻找游戏大模王,Grok"
329,"电脑,计算机,学习,编程,大学生,学生,Java,计算机专业"
330,"现在,高科技,黑科技,人工智能,人工,不用,摄影玩家养成计划"
331,"黑客,网站,网络安全"
332,"视频,工具,人工智能,AI,Taylor Swift,AI视频,视频翻译,openai,chatgpt"
333,"开源,CV,科技,程序员,IT,编程,程序,代码,开源代码,CV代码"
334,"麦当劳,日本,手机,智能手机,智能家居,科技与生活,必剪创作"
335,网线
336,"艺术,中国人,饮食文化,格局"
337,"生活,真实,助学金,天津中德应用技术大学,僧丫"
338,"学习,大学生,研究生,科研,学术,论文,深度学习,文献,Vlog,1024·2023活动征稿,1024打卡挑战"
339,"导师,研究生,考研,知网"
340,"Java,Kotlin,Android 开发,扔物线"
341,"世界,机械,科普,美国,天然,黑科技,世界上,比特币,最大,1024·2023活动征稿,1024打卡挑战"
342,"难题,电脑技巧,前台"
343,"人工智能,AI人工智能,GPT,应用领域,GPT4.0,1024·2023活动征稿,1024打卡挑战"
344,"人工智能,iPhone,OpenAI,GPT"
345,"考试,题库,网络工程师,华为认证,HCIE,H3CNE,H3CSE,HCIA,HCIP,网络技术学习"
346,"发布会,科技,人工智能,AI,开发者,开发者大会,OpenAI,GPT,生成式AI,ChatGPT"
347,"搞笑,计算机,学习,天才,编程,大学生"
348,"科技改变生活,人工智能,马斯克,OpenAI,大数据推给需要的人,ChatGPT,玩儿个很新的东西,这就是AIGC,AIGC一步之遥,寻找游戏大模王,Grok"
349,"电脑,计算机,学习,编程,大学生,学生,Java,计算机专业"
350,"现在,高科技,黑科技,人工智能,人工,不用,摄影玩家养成计划"
351,"黑客,网站,网络安全"
352,"视频,工具,人工智能,AI,Taylor Swift,AI视频,视频翻译,openai,chatgpt"
353,"开源,CV,科技,程序员,IT,编程,程序,代码,开源代码,CV代码"
354,"麦当劳,日本,手机,智能手机,智能家居,科技与生活,必剪创作"
355,网线
356,"艺术,中国人,饮食文化,格局"
357,"生活,真实,助学金,天津中德应用技术大学,僧丫"
358,"学习,大学生,研究生,科研,学术,论文,深度学习,文献,Vlog,1024·2023活动征稿,1024打卡挑战"
359,"导师,研究生,考研,知网"
360,"Java,Kotlin,Android 开发,扔物线"
361,"世界,机械,科普,美国,天然,黑科技,世界上,比特币,最大,1024·2023活动征稿,1024打卡挑战"
362,"难题,电脑技巧,前台"
363,"人工智能,AI人工智能,GPT,应用领域,GPT4.0,1024·2023活动征稿,1024打卡挑战"
364,"人工智能,iPhone,OpenAI,GPT"
365,"考试,题库,网络工程师,华为认证,HCIE,H3CNE,H3CSE,HCIA,HCIP,网络技术学习"
366,"发布会,科技,人工智能,AI,开发者,开发者大会,OpenAI,GPT,生成式AI,ChatGPT"
367,"搞笑,计算机,学习,天才,编程,大学生"
368,"科技改变生活,人工智能,马斯克,OpenAI,大数据推给需要的人,ChatGPT,玩儿个很新的东西,这就是AIGC,AIGC一步之遥,寻找游戏大模王,Grok"
369,"电脑,计算机,学习,编程,大学生,学生,Java,计算机专业"
370,"现在,高科技,黑科技,人工智能,人工,不用,摄影玩家养成计划"
371,"黑客,网站,网络安全"
372,"视频,工具,人工智能,AI,Taylor Swift,AI视频,视频翻译,openai,chatgpt"
373,"开源,CV,科技,程序员,IT,编程,程序,代码,开源代码,CV代码"
374,"麦当劳,日本,手机,智能手机,智能家居,科技与生活,必剪创作"
375,网线
376,"艺术,中国人,饮食文化,格局"
377,"生活,真实,助学金,天津中德应用技术大学,僧丫"
378,"学习,大学生,研究生,科研,学术,论文,深度学习,文献,Vlog,1024·2023活动征稿,1024打卡挑战"
379,"导师,研究生,考研,知网"
380,"Java,Kotlin,Android 开发,扔物线"
381,"世界,机械,科普,美国,天然,黑科技,世界上,比特币,最大,1024·2023活动征稿,1024打卡挑战"
382,"难题,电脑技巧,前台"
383,"人工智能,AI人工智能,GPT,应用领域,GPT4.0,1024·2023活动征稿,1024打卡挑战"
384,"人工智能,iPhone,OpenAI,GPT"
385,"考试,题库,网络工程师,华为认证,HCIE,H3CNE,H3CSE,HCIA,HCIP,网络技术学习"
386,"发布会,科技,人工智能,AI,开发者,开发者大会,OpenAI,GPT,生成式AI,ChatGPT"
387,"搞笑,计算机,学习,天才,编程,大学生"
388,"科技改变生活,人工智能,马斯克,OpenAI,大数据推给需要的人,ChatGPT,玩儿个很新的东西,这就是AIGC,AIGC一步之遥,寻找游戏大模王,Grok"
389,"电脑,计算机,学习,编程,大学生,学生,Java,计算机专业"
390,"现在,高科技,黑科技,人工智能,人工,不用,摄影玩家养成计划"
391,"黑客,网站,网络安全"
392,"视频,工具,人工智能,AI,Taylor Swift,AI视频,视频翻译,openai,chatgpt"
393,"开源,CV,科技,程序员,IT,编程,程序,代码,开源代码,CV代码"
394,"麦当劳,日本,手机,智能手机,智能家居,科技与生活,必剪创作"
395,网线
396,"艺术,中国人,饮食文化,格局"
397,"生活,真实,助学金,天津中德应用技术大学,僧丫"
398,"学习,大学生,研究生,科研,学术,论文,深度学习,文献,Vlog,1024·2023活动征稿,1024打卡挑战"
399,"导师,研究生,考研,知网"
